id,seq,masked_seq,expected_length,type,class,direction,class_id,whitelist,order
"seq_start","",,0,static,start,forward,seq_start,,1
"linker_1","AATGTACTTCGTTCAGTTACGTATTGCTAAGGTTAA",NANGNANTNCNTNCNGNTNCNTNTTGCTAAGGTTAA,36,static,linker_1,forward,linker_1,,2
"barcode_1","",,24,variable,barcode,forward,barcode_1,/Users/cmv/Desktop/forward_barcodes.txt,3
"linker_2","CAGCACCT",NANCNCNT,8,static,linker_2,forward,linker_2,,4
"read","",,,variable,read,forward,read,,5
"linker_3","AGGTGCTG",NGNTNCNG,8,static,linker_3,forward,linker_3,,6
"barcode_2","",,24,variable,barcode,forward,barcode_2,/Users/cmv/Desktop/forward_barcodes.txt,7
"linker_4","TTAACCTTAGCAATACGTAACTGAACGAAGT",MASKED,31,static,linker_4,forward,linker_4,,8
"seq_stop","",,0,static,stop,forward,seq_stop,,9
"rc_seq_start","",,0,static,start,reverse,rc_seq_start,,10
"rc_linker_4","ACTTCGTTCAGTTACGTATTGCTAAGGTTAA",NCNTNGNTNANTNANGNANTNCNAAGGTTAA,31,static,linker_4,reverse,rc_linker_4,,11
"rc_barcode_2","",,24,variable,barcode,reverse,rc_barcode_2,/Users/cmv/Desktop/forward_barcodes.txt,12
"rc_linker_3","CAGCACCT",NANCNCNT,8,static,linker_3,reverse,rc_linker_3,,13
"rc_read","",,,variable,read,reverse,rc_read,,14
"rc_linker_2","AGGTGCTG",NGNTNCNG,8,static,linker_2,reverse,rc_linker_2,,15
"rc_barcode_1","",,24,variable,barcode,reverse,rc_barcode_1,/Users/cmv/Desktop/forward_barcodes.txt,16
"rc_linker_1","TTAACCTTAGCAATACGTAACTGAACGAAGTACATT",MASKED,36,static,linker_1,reverse,rc_linker_1,,17
"rc_seq_stop","",,0,static,stop,reverse,rc_seq_stop,,18
